dateutc,windspeedmph,windgustmph,hourlyrainin,dailyrainin,trustdevicetime,winddir,tempf,humidity,dewPoint,baromabsin,baromrelin,solarradiation,sis,sds,solarradday,feelsLike,lastRain,date,tz,historical,batt1volts,local_time
1788159180000,0.0,0.0,0,0,1,205,66.6,88,62.93,29.87,29.965,0,0,12342,11107800,66.6,2026-06-12T17:37:00.000Z,2026-08-30,,,,2026-08-30 23:53:00-07:00
1788158280000,0.0,0.0,0,0,1,205,67.5,87,63.49,29.87,29.9649,0,0,12342,11107800,67.5,2026-06-12T17:37:00.000Z,2026-08-30,,,,2026-08-30 23:38:00-07:00
1788157380000,0.0,0.0,0,0,1,205,68.0,88,64.31,29.87,29.9648,0,0,12342,11107800,68.0,,2026-08-30,America/Los_Angeles,True,,2026-08-30 23:23:00-07:00
1788156480000,0.0,1.1185,0,0,1,205,68.5,88,64.8,29.87,29.9647,0,0,12342,11107800,69.19,2026-06-12T17:37:00.000Z,2026-08-30,,,4.31,2026-08-30 23:08:00-07:00
1788155580000,0.0,0.0,0,0,1,205,68.7,89,65.32,29.87,29.9647,0,0,12342,11107800,69.45,2026-06-12T17:37:00.000Z,2026-08-30,,,,2026-08-30 22:53:00-07:00
1788154680000,0.0,0.0,0,0,1,205,68.9,88,65.19,29.87,29.9646,0,0,12342,11107800,69.63,2026-06-12T17:37:00.000Z,2026-08-30,,,,2026-08-30 22:38:00-07:00
1788153780000,0.0,0.0,0,0,1,205,69.1,86,64.73,29.87,29.9646,0,0,12342,11107800,69.75,2026-06-12T17:37:00.000Z,2026-08-30,,,,2026-08-30 22:23:00-07:00
1788152880000,0.0,0.0,0,0,1,205,69.1,85,64.39,29.87,29.9646,0,0,12342,11107800,69.7,2026-06-12T17:37:00.000Z,2026-08-30,,,4.31,2026-08-30 22:08:00-07:00
1788151980000,0.4474,1.5659,0,0,1,205,68.5,86,64.14,29.86,29.9547,0,0,12342,11107800,69.09,2026-06-12T17:37:00.000Z,2026-08-30,,,,2026-08-30 21:53:00-07:00
1788151080000,0.0,0.0,0,0,1,205,68.0,82,62.29,29.86,29.9547,0,0,12342,11107800,68.0,2026-06-12T17:37:00.000Z,2026-08-30,,,,2026-08-30 21:38:00-07:00
1788150180000,0.0,0.0,0,0,1,205,68.4,81,62.33,29.85,29.9446,0,0,12342,11107800,68.75,2026-06-12T17:37:00.000Z,2026-08-30,,,,2026-08-30 21:23:00-07:00
1788149280000,0.0,0.0,0,0,1,205,68.9,81,62.82,29.85,29.9446,0,0,12342,11107800,69.3,2026-06-12T17:37:00.000Z,2026-08-30,,,4.32,2026-08-30 21:08:00-07:00
1788148380000,0.0,0.0,0,0,1,205,69.3,82,63.56,29.85,29.9445,0,0,12342,11107800,69.78,2026-06-12T17:37:00.000Z,2026-08-30,,,,2026-08-30 20:53:00-07:00
1788147480000,0.0,0.0,0,0,1,205,69.6,83,64.2,29.84,29.9344,0,0,12342,11107800,70.16,2026-06-12T17:37:00.000Z,2026-08-30,,,,2026-08-30 20:38:00-07:00
1788146580000,0.0,2.0132,0,0,1,205,69.6,83,64.2,29.83,29.9244,0,0,12342,11107800,70.16,2026-06-12T17:37:00.000Z,2026-08-30,,,,2026-08-30 20:23:00-07:00
1788145680000,0.0,2.2369,0,0,1,205,70.2,81,64.09,29.83,29.9243,0,0,12342,11107800,70.73,2026-06-12T17:37:00.000Z,2026-08-30,,,4.33,2026-08-30 20:08:00-07:00
1788144780000,0.0,0.0,0,0,1,205,70.9,81,64.77,29.83,29.9241,0,0,12342,11107800,71.5,2026-06-12T17:37:00.000Z,2026-08-30,,,,2026-08-30 19:53:00-07:00
1788143880000,0.0,0.0,0,0,1,205,71.1,80,64.61,29.83,29.9241,0,0,12342,11107800,71.67,2026-06-12T17:37:00.000Z,2026-08-30,,,,2026-08-30 19:38:00-07:00
1788142980000,0.0,0.0,0,0,1,205,71.6,80,65.09,29.83,29.924,3,2700,12339,11107800,72.22,2026-06-12T17:37:00.000Z,2026-08-30,,,,2026-08-30 19:23:00-07:00
1788142080000,0.0,0.0,0,0,1,205,72.0,79,65.12,29.83,29.9239,6,5400,12333,11105100,72.61,2026-06-12T17:37:00.000Z,2026-08-30,,,4.33,2026-08-30 19:08:00-07:00
1788141180000,1.1185,2.6843,0,0,1,205,72.1,77,64.48,29.83,29.9239,11,9900,12281,11062800,72.63,2026-06-12T17:37:00.000Z,2026-08-30,,,,2026-08-30 18:53:00-07:00
1788140280000,0.8948,3.1317,0,0,1,205,72.9,76,64.88,29.83,29.9238,17,15300,12292,11089800,73.46,,2026-08-30,America/Los_Angeles,True,,2026-08-30 18:38:00-07:00
1788139380000,0.4474,2.6843,0,0,1,205,73.4,75,64.98,29.83,29.9237,24,21600,12292,11074500,73.97,,2026-08-30,America/Los_Angeles,True,4.32,2026-08-30 18:23:00-07:00
1788138480000,0.6711,4.0265,0,0,1,205,73.8,75,65.37,29.84,29.9337,32,28800,12249,11052900,74.41,2026-06-12T17:37:00.000Z,2026-08-30,,,,2026-08-30 18:08:00-07:00
1788137580000,1.7895,4.0265,0,0,1,205,74.1,75,65.66,29.84,29.9336,32,28800,12217,11024100,74.73,2026-06-12T17:37:00.000Z,2026-08-30,,,,2026-08-30 17:53:00-07:00
1788136680000,1.7895,3.3554,0,0,1,205,74.3,74,65.46,29.84,29.9336,43,38700,12174,10995300,74.91,2026-06-12T17:37:00.000Z,2026-08-30,,,4.35,2026-08-30 17:38:00-07:00
1788135780000,0.8948,3.5791,0,0,1,205,75.2,72,65.54,29.84,29.9334,51,45900,12123,10956600,75.8,2026-06-12T17:37:00.000Z,2026-08-30,,,,2026-08-30 17:23:00-07:00
1788134880000,0.8948,2.908,0,0,1,205,74.5,73,65.26,29.84,29.9335,50,45000,12073,10910700,75.08,2026-06-12T17:37:00.000Z,2026-08-30,,,,2026-08-30 17:08:00-07:00
1788133980000,0.6711,3.3554,0,0,1,205,73.6,75,65.17,29.85,29.9437,56,50400,12017,10865700,74.19,2026-06-12T17:37:00.000Z,2026-08-30,,,,2026-08-30 16:53:00-07:00
1788133080000,2.2369,3.5791,0,0,1,205,74.1,76,66.04,29.85,29.9436,44,39600,11973,10815300,74.78,2026-06-12T17:37:00.000Z,2026-08-30,,,4.36,2026-08-30 16:38:00-07:00
1788132180000,1.5659,3.8028,0,0,1,205,74.8,74,65.94,29.85,29.9435,51,45900,11922,10775700,75.46,2026-06-12T17:37:00.000Z,2026-08-30,,,,2026-08-30 16:23:00-07:00
1788131280000,2.6843,4.0265,0,0,1,205,74.7,75,66.23,29.85,29.9435,81,72900,11841,10729800,75.39,2026-06-12T17:37:00.000Z,2026-08-30,,,,2026-08-30 16:08:00-07:00
1788130380000,2.908,4.6976,0,0,1,205,75.0,75,66.52,29.86,29.9535,84,75600,11757,10656900,75.73,2026-06-12T17:37:00.000Z,2026-08-30,,,,2026-08-30 15:53:00-07:00
1788129480000,2.6843,4.4739,0,0,1,205,75.9,73,66.61,29.86,29.9533,88,79200,11669,10581300,76.62,2026-06-12T17:37:00.000Z,2026-08-30,,,4.46,2026-08-30 15:38:00-07:00
1788128580000,2.6843,5.816,0,0,1,204,76.5,73,67.18,29.86,29.9532,554,498600,11115,10502100,77.28,2026-06-12T17:37:00.000Z,2026-08-30,,,,2026-08-30 15:23:00-07:00
1788127680000,2.908,4.2502,0,0,1,198,77.0,69,66.03,29.87,29.9632,659,593100,10456,10003500,77.64,2026-06-12T17:37:00.000Z,2026-08-30,,,,2026-08-30 15:08:00-07:00
1788126780000,2.6843,4.4739,0,0,1,198,76.6,67,64.8,29.88,29.9733,425,382500,10031,9410400,77.11,2026-06-12T17:37:00.000Z,2026-08-30,,,,2026-08-30 14:53:00-07:00
1788125880000,2.0132,4.2502,0,0,1,198,76.5,68,65.13,29.88,29.9733,195,175500,9463,8692200,77.05,2026-06-12T17:37:00.000Z,2026-08-30,,,4.48,2026-08-30 14:38:00-07:00
1788124980000,2.0132,4.2502,0,0,1,198,77.2,68,65.8,29.89,29.9832,373,335700,9658,8852400,77.82,,2026-08-30,America/Los_Angeles,True,,2026-08-30 14:23:00-07:00
1788124080000,2.0132,4.0265,0,0,1,198,78.6,62,64.47,29.9,29.993,676,608400,8787,8516700,79.07,2026-06-12T17:37:00.000Z,2026-08-30,,,,2026-08-30 14:08:00-07:00
1788123180000,2.0132,4.2502,0,0,1,198,77.7,64,64.53,29.9,29.9932,764,687600,8023,7908300,78.18,2026-06-12T17:37:00.000Z,2026-08-30,,,,2026-08-30 13:53:00-07:00
1788122280000,0.8948,3.8028,0,0,1,198,77.2,67,65.37,29.9,29.9932,784,705600,7239,7220700,77.77,2026-06-12T17:37:00.000Z,2026-08-30,,,4.52,2026-08-30 13:38:00-07:00
1788121380000,2.2369,5.3686,0,0,1,198,76.5,68,65.13,29.9,29.9934,789,710100,6450,6515100,77.05,2026-06-12T17:37:00.000Z,2026-08-30,,,,2026-08-30 13:23:00-07:00
1788120480000,2.4606,4.4739,0,0,1,198,76.1,68,64.75,29.9,29.9934,797,717300,5653,5805000,76.61,2026-06-12T17:37:00.000Z,2026-08-30,,,,2026-08-30 13:08:00-07:00
1788119580000,2.0132,4.4739,0,0,1,198,76.3,70,65.78,29.9,29.9934,689,620100,4964,5087700,76.92,2026-06-12T17:37:00.000Z,2026-08-30,,,,2026-08-30 12:53:00-07:00
1788118680000,2.2369,4.6976,0,0,1,198,75.0,74,66.14,29.91,30.0037,610,549000,4354,4467600,75.68,2026-06-12T17:37:00.000Z,2026-08-30,,,4.46,2026-08-30 12:38:00-07:00
1788117780000,2.0132,4.4739,0,0,1,198,74.8,75,66.33,29.91,30.0037,439,395100,3915,3918600,75.51,2026-06-12T17:37:00.000Z,2026-08-30,,,,2026-08-30 12:23:00-07:00
1788116880000,1.3422,4.2502,0,0,1,198,74.1,78,66.79,29.91,30.0038,226,203400,3689,3523500,74.88,2026-06-12T17:37:00.000Z,2026-08-30,,,,2026-08-30 12:08:00-07:00
1788115980000,1.7895,4.0265,0,0,1,198,74.3,78,66.98,29.91,30.0038,237,213300,3452,3320100,75.1,2026-06-12T17:37:00.000Z,2026-08-30,,,,2026-08-30 11:53:00-07:00
1788115080000,2.2369,3.5791,0,0,1,198,74.8,75,66.33,29.91,30.0037,365,328500,3087,3106800,75.51,2026-06-12T17:37:00.000Z,2026-08-30,,,4.44,2026-08-30 11:38:00-07:00
1788114180000,3.1317,4.6976,0,0,1,198,75.2,75,66.72,29.91,30.0036,546,491400,2541,2778300,75.95,2026-06-12T17:37:00.000Z,2026-08-30,,,,2026-08-30 11:23:00-07:00
1788113280000,2.2369,4.2502,0,0,1,198,76.3,73,66.99,29.91,30.0034,470,423000,2071,2286900,77.06,2026-06-12T17:37:00.000Z,2026-08-30,,,,2026-08-30 11:08:00-07:00
1788112380000,1.5659,4.2502,0,0,1,198,74.7,75,66.23,29.91,30.0037,179,161100,1892,1863900,75.39,2026-06-12T17:37:00.000Z,2026-08-30,,,,2026-08-30 10:53:00-07:00
1788111480000,3.1317,4.6976,0,0,1,198,74.1,78,66.79,29.9,29.9938,205,184500,1687,1702800,74.88,2026-06-12T17:37:00.000Z,2026-08-30,,,4.41,2026-08-30 10:38:00-07:00
1788110580000,3.3554,4.4739,0,0,1,198,74.1,78,66.79,29.89,29.9838,385,346500,1302,1518300,74.88,2026-06-12T17:37:00.000Z,2026-08-30,,,,2026-08-30 10:23:00-07:00
1788109680000,3.3554,4.6976,0,0,1,198,74.1,79,67.16,29.89,29.9838,464,417600,838,1171800,74.92,2026-06-12T17:37:00.000Z,2026-08-30,,,,2026-08-30 10:08:00-07:00
1788108780000,2.4606,3.8028,0,0,1,198,74.1,79,67.16,29.9,29.9938,208,187200,630,754200,74.92,2026-06-12T17:37:00.000Z,2026-08-30,,,,2026-08-30 09:53:00-07:00
1788107880000,1.1185,2.908,0,0,1,198,73.6,80,67.04,29.9,29.9939,85,76500,545,567000,74.42,2026-06-12T17:37:00.000Z,2026-08-30,,,4.25,2026-08-30 09:38:00-07:00
1788106980000,1.7895,2.6843,0,0,1,198,73.0,80,66.45,29.9,29.994,120,108000,425,490500,73.76,2026-06-12T17:37:00.000Z,2026-08-30,,,,2026-08-30 09:23:00-07:00
1788106080000,0.6711,2.4606,0,0,1,198,72.5,78,65.24,29.9,29.9941,174,156600,251,382500,73.12,2026-06-12T17:37:00.000Z,2026-08-30,,,,2026-08-30 09:08:00-07:00
1788105180000,0.2237,1.5659,0,0,1,198,71.1,83,65.67,29.9,29.9943,63,56700,188,225900,71.81,2026-06-12T17:37:00.000Z,2026-08-30,,,,2026-08-30 08:53:00-07:00
1788104280000,0.0,1.5659,0,0,1,198,69.8,86,65.42,29.9,29.9945,44,39600,144,169200,70.52,2026-06-12T17:37:00.000Z,2026-08-30,,,4.24,2026-08-30 08:38:00-07:00
1788103380000,0.0,2.2369,0,0,1,198,68.5,88,64.8,29.9,29.9948,35,31500,109,129600,69.19,2026-06-12T17:37:00.000Z,2026-08-30,,,,2026-08-30 08:23:00-07:00
1788102480000,0.0,0.0,0,0,1,198,67.3,91,64.58,29.9,29.995,30,27000,79,98100,67.3,2026-06-12T17:37:00.000Z,2026-08-30,,,,2026-08-30 08:08:00-07:00
1788101580000,0.0,0.0,0,0,1,198,65.7,93,63.62,29.9,29.9953,26,23400,53,71100,65.7,2026-06-12T17:37:00.000Z,2026-08-30,,,,2026-08-30 07:53:00-07:00
1788100680000,0.0,0.0,0,0,1,198,63.9,94,62.14,29.89,29.9856,23,20700,30,47700,63.9,2026-06-12T17:37:00.000Z,2026-08-30,,,4.24,2026-08-30 07:38:00-07:00
1788099780000,0.0,0.0,0,0,1,198,61.9,94,60.15,29.89,29.986,21,18900,9,27000,61.9,2026-06-12T17:37:00.000Z,2026-08-30,,,,2026-08-30 07:23:00-07:00
1788098880000,0.0,0.0,0,0,1,198,61.0,94,59.26,29.88,29.9761,7,6300,2,8100,61.0,2026-06-12T17:37:00.000Z,2026-08-30,,,,2026-08-30 07:08:00-07:00
1788097980000,0.0,0.0,0,0,1,198,61.0,94,59.26,29.88,29.9761,2,1800,0,1800,61.0,2026-06-12T17:37:00.000Z,2026-08-30,,,,2026-08-30 06:53:00-07:00
1788097080000,0.0,0.0,0,0,1,198,61.2,94,59.46,29.88,29.976,0,0,0,0,61.2,2026-06-12T17:37:00.000Z,2026-08-30,,,4.24,2026-08-30 06:38:00-07:00
1788096180000,0.0,0.0,0,0,1,198,61.5,94,59.76,29.87,29.966,0,0,0,0,61.5,2026-06-12T17:37:00.000Z,2026-08-30,,,,2026-08-30 06:23:00-07:00
1788095280000,0.0,0.0,0,0,1,198,61.3,93,59.26,29.87,29.966,0,0,0,0,61.3,2026-06-12T17:37:00.000Z,2026-08-30,,,,2026-08-30 06:08:00-07:00
1788094380000,0.0,0.0,0,0,1,198,61.3,93,59.26,29.86,29.956,0,0,0,0,61.3,2026-06-12T17:37:00.000Z,2026-08-30,,,,2026-08-30 05:53:00-07:00
1788093480000,0.0,0.0,0,0,1,198,61.3,94,59.56,29.85,29.9459,0,0,0,0,61.3,2026-06-12T17:37:00.000Z,2026-08-30,,,4.25,2026-08-30 05:38:00-07:00
1788092580000,0.0,0.0,0,0,1,198,61.3,94,59.56,29.85,29.9459,0,0,0,0,61.3,,2026-08-30,America/Los_Angeles,True,,2026-08-30 05:23:00-07:00
1788091680000,0.0,0.0,0,0,1,198,61.3,93,59.26,29.85,29.9459,0,0,0,0,61.3,,2026-08-30,America/Los_Angeles,True,,2026-08-30 05:08:00-07:00
1788090780000,0.0,0.0,0,0,1,198,61.7,93,59.65,29.85,29.9459,0,0,0,0,61.7,,2026-08-30,America/Los_Angeles,True,,2026-08-30 04:53:00-07:00
1788089880000,0.0,0.0,0,0,1,198,62.2,94,60.45,29.85,29.9458,0,0,0,0,62.2,2026-06-12T17:37:00.000Z,2026-08-30,,,,2026-08-30 04:38:00-07:00
1788088980000,0.0,0.0,0,0,1,198,62.8,94,61.05,29.85,29.9457,0,0,0,0,62.8,2026-06-12T17:37:00.000Z,2026-08-30,,,,2026-08-30 04:23:00-07:00
1788088080000,0.0,0.0,0,0,1,198,62.8,93,60.74,29.85,29.9457,0,0,0,0,62.8,2026-06-12T17:37:00.000Z,2026-08-30,,,4.26,2026-08-30 04:08:00-07:00
1788087180000,0.0,0.0,0,0,1,198,62.6,92,60.24,29.85,29.9457,0,0,0,0,62.6,2026-06-12T17:37:00.000Z,2026-08-30,,,,2026-08-30 03:53:00-07:00
1788086280000,0.0,0.0,0,0,1,198,63.1,92,60.74,29.85,29.9456,0,0,0,0,63.1,,2026-08-30,America/Los_Angeles,True,,2026-08-30 03:38:00-07:00
1788085380000,0.0,0.0,0,0,1,198,63.7,92,61.33,29.85,29.9455,0,0,0,0,63.7,,2026-08-30,America/Los_Angeles,True,,2026-08-30 03:23:00-07:00
1788084480000,0.0,0.0,0,0,1,198,64.0,92,61.63,29.84,29.9354,0,0,0,0,64.0,2026-06-12T17:37:00.000Z,2026-08-30,,,4.26,2026-08-30 03:08:00-07:00
1788083580000,0.0,0.0,0,0,1,198,64.8,92,62.42,29.84,29.9353,0,0,0,0,64.8,2026-06-12T17:37:00.000Z,2026-08-30,,,,2026-08-30 02:53:00-07:00
1788082680000,0.0,0.0,0,0,1,198,64.8,92,62.42,29.84,29.9353,0,0,0,0,64.8,2026-06-12T17:37:00.000Z,2026-08-30,,,,2026-08-30 02:38:00-07:00
1788081780000,0.0,0.0,0,0,1,198,64.8,91,62.11,29.84,29.9353,0,0,0,0,64.8,2026-06-12T17:37:00.000Z,2026-08-30,,,,2026-08-30 02:23:00-07:00
1788080880000,0.0,0.0,0,0,1,198,65.1,91,62.4,29.84,29.9352,0,0,0,0,65.1,2026-06-12T17:37:00.000Z,2026-08-30,,,4.27,2026-08-30 02:08:00-07:00
1788079980000,0.0,0.0,0,0,1,198,64.9,90,61.89,29.84,29.9352,0,0,0,0,64.9,2026-06-12T17:37:00.000Z,2026-08-30,,,,2026-08-30 01:53:00-07:00
1788079080000,0.0,1.1185,0,0,1,198,64.9,89,61.58,29.84,29.9352,0,0,0,0,64.9,2026-06-12T17:37:00.000Z,2026-08-30,,,,2026-08-30 01:38:00-07:00
1788078180000,0.2237,2.0132,0,0,1,198,65.8,89,62.46,29.84,29.9351,0,0,0,0,65.8,2026-06-12T17:37:00.000Z,2026-08-30,,,,2026-08-30 01:23:00-07:00
1788077280000,0.0,0.0,0,0,1,198,66.6,89,63.25,29.84,29.9349,0,0,0,0,66.6,2026-06-12T17:37:00.000Z,2026-08-30,,,4.27,2026-08-30 01:08:00-07:00
1788076380000,0.0,0.0,0,0,1,198,67.1,88,63.42,29.84,29.9348,0,0,0,0,67.1,2026-06-12T17:37:00.000Z,2026-08-30,,,,2026-08-30 00:53:00-07:00
1788075480000,0.0,0.0,0,0,1,198,67.6,87,63.59,29.84,29.9348,0,0,0,0,67.6,2026-06-12T17:37:00.000Z,2026-08-30,,,,2026-08-30 00:38:00-07:00
1788074580000,0.0,0.0,0,0,1,198,68.5,87,64.47,29.84,29.9346,0,0,0,0,69.14,2026-06-12T17:37:00.000Z,2026-08-30,,,,2026-08-30 00:23:00-07:00
1788073680000,0.0,0.0,0,0,1,198,69.3,87,65.26,29.84,29.9344,0,0,0,0,70.02,2026-06-12T17:37:00.000Z,2026-08-30,,,4.28,2026-08-30 00:08:00-07:00
